{
    "ruo2":{
        "ruo2_1": {
            "R0": 2150.0,
            "a": [-17862.3897, 10411.25136, -2428.62641, 283.34761, -16.53114, 0.38582]
        }
    }
}